,EmpID,Annual Gross Fixed Salary (USD)
0,3427,73322.0
1,3428,69757.0
2,3429,69420.0
3,3430,73529.0
4,3431,70789.0
5,3432,53126.0
6,3433,72299.0
7,3434,106879.0
8,3435,322877.0
9,3436,116937.0
10,3437,70507.0
11,3438,76228.0
12,3439,56216.0
13,3440,54627.0
14,3441,66209.0
15,3442,78387.0
16,3443,61727.0
17,3444,95762.0
18,3445,75325.0
19,3446,70280.0
20,3447,53884.0
21,3448,112980.0
22,3449,69753.0
23,3450,72244.0
24,3451,73964.0
25,3452,58376.0
26,3453,78951.0
27,3454,61581.0
28,3455,55134.0
29,3456,70586.0
30,3457,94000.0
31,3458,57915.0
32,3459,57043.0
33,3460,55612.0
34,3461,69975.0
35,3462,57017.0
36,3463,77510.0
37,3464,66585.0
38,3465,77807.0
39,3466,79764.0
40,3467,68338.0
41,3468,68738.0
42,3469,56756.0
43,3470,61634.0
44,3471,75414.0
45,3472,53328.0
46,3473,78262.0
47,3474,63037.0
48,3475,77080.0
49,3476,65703.0
50,3477,74637.0
51,3478,62573.0
52,3479,79746.0
53,3480,79711.0
54,3481,72333.0
55,3482,61879.0
56,3483,70010.0
57,3484,54405.0
58,3485,71641.0
59,3486,73895.0
60,3487,67838.0
61,3488,62963.0
62,3489,66847.0
63,3490,78522.0
64,3491,64920.0
65,3492,60745.0
66,3493,65452.0
67,3494,75438.0
68,3495,71614.0
69,3496,60125.0
70,3497,63088.0
71,3498,74572.0
72,3499,74685.0
73,3500,66224.0
74,3501,57236.0
75,3502,75581.0
76,3503,53816.0
77,3504,54799.0
78,3505,73780.0
79,3506,61840.0
80,3507,71510.0
81,3508,77848.0
82,3509,57427.0
83,3510,56076.0
84,3511,54254.0
85,3512,55929.0
86,3513,56557.0
87,3514,77933.0
88,3515,56643.0
89,3516,55578.0
90,3517,65626.0
91,3518,75786.0
92,3519,59402.0
93,3520,78446.0
94,3521,71486.0
95,3522,64351.0
96,3523,67410.0
97,3524,58612.0
98,3525,75003.0
99,3526,69291.0
100,3527,79934.0
101,3528,71322.0
102,3529,56811.0
103,3530,70517.0
104,3531,71708.0
105,3532,78317.0
106,3533,58872.0
107,3534,111727.0
108,3535,77573.0
109,3536,78876.0
110,3537,78892.0
111,3538,69781.0
112,3539,60021.0
113,3540,72478.0
114,3541,66833.0
115,3542,74248.0
116,3543,74884.0
117,3544,77755.0
118,3545,69320.0
119,3546,54644.0
120,3547,75840.0
121,3548,61360.0
122,3549,66374.0
123,3550,76800.0
124,3551,91276.0
125,3552,78041.0
126,3553,59063.0
127,3554,60427.0
128,3555,59161.0
129,3556,76161.0
130,3557,66322.0
131,3558,78289.0
132,3559,63640.0
133,3560,58810.0
134,3561,57594.0
135,3562,57634.0
136,3563,54241.0
137,3564,78357.0
138,3565,57529.0
139,3566,72054.0
140,3567,71537.0
141,3568,70856.0
142,3569,79981.0
143,3570,70667.0
144,3571,59736.0
145,3572,67035.0
146,3573,56483.0
147,3574,78919.0
148,3575,62613.0
149,3576,101838.0
150,3577,62371.0
151,3578,66543.0
152,3579,61910.0
153,3580,73815.0
154,3581,76620.0
155,3582,79098.0
156,3583,64648.0
157,3584,60869.0
158,3585,71208.0
159,3586,57904.0
160,3587,59433.0
161,3588,63039.0
162,3589,78672.0
163,3590,53632.0
164,3591,53399.0
165,3592,74916.0
166,3593,64657.0
167,3594,53619.0
168,3595,107190.0
169,3596,68115.0
170,3597,67532.0
171,3598,74398.0
172,3599,76153.0
173,3600,54095.0
174,3601,58770.0
175,3602,92206.0
176,3603,56401.0
177,3604,59386.0
178,3605,106899.0
179,3606,55255.0
180,3607,57945.0
181,3608,58767.0
182,3609,77758.0
183,3610,54702.0
184,3611,65623.0
185,3612,66246.0
186,3613,75685.0
187,3614,64286.0
188,3615,62144.0
189,3616,53624.0
190,3617,59356.0
191,3618,70590.0
192,3619,58182.0
193,3620,69479.0
194,3621,74618.0
195,3622,52662.0
196,3623,110192.0
197,3624,1059294.0
198,3625,115265.0
199,3626,57622.0
200,3627,72985.0
201,3628,116326.0
202,3629,67372.0
203,3630,63200.0
204,3631,65223.0
205,3632,63058.0
206,3633,57585.0
207,3634,60412.0
208,3635,79169.0
209,3636,58738.0
210,3637,78392.0
211,3638,68104.0
212,3639,58259.0
213,3640,62677.0
214,3641,56887.0
215,3642,73167.0
216,3643,76719.0
217,3644,75093.0
218,3645,76276.0
219,3646,65656.0
220,3647,114353.0
221,3648,67346.0
222,3649,63117.0
223,3650,58200.0
224,3651,58867.0
225,3652,59866.0
226,3653,65915.0
227,3654,74603.0
228,3655,114314.0
229,3656,67081.0
230,3657,57542.0
231,3658,53090.0
232,3659,63673.0
233,3660,58035.0
234,3661,309714.0
235,3662,64559.0
236,3663,74364.0
237,3664,74487.0
238,3665,57934.0
239,3666,54822.0
240,3667,72070.0
241,3668,63380.0
242,3669,64030.0
243,3670,60848.0
244,3671,57323.0
245,3672,64571.0
246,3673,62721.0
247,3674,94673.0
248,3675,115718.0
249,3676,73033.0
250,3677,64353.0
251,3678,65256.0
252,3679,99326.0
253,3680,54722.0
254,3681,117024.0
255,3682,68347.0
256,3683,63549.0
257,3684,65897.0
258,3685,57827.0
259,3686,118116.0
260,3687,77728.0
261,3688,76897.0
262,3689,70691.0
263,3690,63802.0
264,3691,76657.0
265,3692,72404.0
266,3693,72411.0
267,3694,70302.0
268,3695,78617.0
269,3696,75192.0
270,3697,77007.0
271,3698,66884.0
272,3699,105145.0
273,3700,64981.0
274,3701,74810.0
275,3702,52413.0
276,3703,111790.0
277,3704,67409.0
278,3705,61416.0
279,3706,61175.0
280,3707,119296.0
281,3708,64031.0
282,3709,73610.0
283,3710,79502.0
284,3711,60901.0
285,3712,63682.0
286,3713,56318.0
287,3714,74965.0
288,3715,66956.0
289,3716,65839.0
290,3717,52301.0
291,3718,53958.0
292,3719,79184.0
293,3720,52101.0
294,3721,59383.0
295,3722,76818.0
296,3723,75628.0
297,3724,59260.0
298,3725,70278.0
299,3726,57866.0
300,3727,71175.0
301,3728,62015.0
302,3729,74557.0
303,3730,74282.0
304,3731,77172.0
305,3732,69812.0
306,3733,77131.0
307,3734,1173835.0
308,3735,70674.0
309,3736,66956.0
310,3737,73172.0
311,3738,56160.0
312,3739,62201.0
313,3740,60357.0
314,3741,77085.0
315,3742,77725.0
316,3743,61011.0
317,3744,72907.0
318,3745,58958.0
319,3746,70465.0
320,3747,831153.0
321,3748,61352.0
322,3749,77698.0
323,3750,105911.0
324,3751,55356.0
325,3752,98624.0
326,3753,62740.0
327,3754,61372.0
328,3755,270502.0
329,3756,56421.0
330,3757,59270.0
331,3758,117685.0
332,3759,73414.0
333,3760,62454.0
334,3761,54619.0
335,3762,97890.0
336,3763,64589.0
337,3764,68155.0
338,3765,53214.0
339,3766,73371.0
340,3767,55382.0
341,3768,53073.0
342,3769,73322.0
343,3770,59139.0
344,3771,71871.0
345,3772,91012.0
346,3773,112125.0
347,3774,92707.0
348,3775,76983.0
349,3776,77114.0
350,3777,62994.0
351,3778,68680.0
352,3779,67371.0
353,3780,58018.0
354,3781,66166.0
355,3782,52149.0
356,3783,72434.0
357,3784,53580.0
358,3785,55381.0
359,3786,71348.0
360,3787,60411.0
361,3788,57939.0
362,3789,73236.0
363,3790,74245.0
364,3791,53335.0
365,3792,108363.0
366,3793,70206.0
367,3794,57419.0
368,3795,56376.0
369,3796,69277.0
370,3797,75022.0
371,3798,53836.0
372,3799,276399.0
373,3800,58706.0
374,3801,77292.0
375,3802,73791.0
376,3803,58820.0
377,3804,68818.0
378,3805,53691.0
379,3806,72914.0
380,3807,68818.0
381,3808,77661.0
382,3809,66641.0
383,3810,58353.0
384,3811,70508.0
385,3812,69837.0
386,3813,118478.0
387,3814,90677.0
388,3815,61480.0
389,3816,64230.0
390,3817,72134.0
391,3818,62890.0
392,3819,57850.0
393,3820,75122.0
394,3821,58070.0
395,3822,69246.0
396,3823,57825.0
397,3824,74246.0
398,3825,60567.0
399,3826,79007.0
400,3827,53713.0
401,3828,64402.0
402,3829,79554.0
403,3830,67129.0
404,3831,73607.0
405,3832,78141.0
406,3833,58069.0
407,3834,77557.0
408,3835,52224.0
409,3836,63130.0
410,3837,67249.0
411,3838,77929.0
412,3839,53526.0
413,3840,71077.0
414,3841,72756.0
415,3842,52243.0
416,3843,118788.0
417,3844,60837.0
418,3845,63320.0
419,3846,61938.0
420,3847,75591.0
421,3848,74302.0
422,3849,61780.0
423,3850,55115.0
424,3851,231809.0
425,3852,59401.0
426,3853,73018.0
427,3854,282792.0
428,3855,74141.0
429,3856,66324.0
430,3857,75868.0
431,3858,97103.0
432,3859,66075.0
433,3860,64887.0
434,3861,68441.0
435,3862,59535.0
436,3863,76387.0
437,3864,62704.0
438,3865,56563.0
439,3866,67883.0
440,3867,56780.0
441,3868,63256.0
442,3869,73695.0
443,3870,69973.0
444,3871,73222.0
445,3872,113990.0
446,3873,331110.0
447,3874,56449.0
448,3875,52688.0
449,3876,78966.0
450,3877,63435.0
451,3878,103034.0
452,3879,71860.0
453,3880,69657.0
454,3881,73102.0
455,3882,57263.0
456,3883,57325.0
457,3884,95915.0
458,3885,116252.0
459,3886,77989.0
460,3887,71911.0
461,3888,112610.0
462,3889,61393.0
463,3890,75106.0
464,3891,103983.0
465,3892,112344.0
466,3893,67815.0
467,3894,52247.0
468,3895,66575.0
469,3896,109259.0
470,3897,79469.0
471,3898,54337.0
472,3899,103957.0
473,3900,69123.0
474,3901,72029.0
475,3902,59224.0
476,3903,54604.0
477,3904,107933.0
478,3905,63630.0
479,3906,66558.0
480,3907,108243.0
481,3908,58744.0
482,3909,76237.0
483,3910,71636.0
484,3911,52888.0
485,3912,53956.0
486,3913,54838.0
487,3914,109143.0
488,3915,73512.0
489,3916,75746.0
490,3917,53190.0
491,3918,75213.0
492,3919,58574.0
493,3920,56566.0
494,3921,76559.0
495,3922,65613.0
496,3923,78383.0
497,3924,54578.0
498,3925,75669.0
499,3926,70445.0
500,3927,55789.0
501,3928,76313.0
502,3929,53671.0
503,3930,54291.0
504,3931,101099.0
505,3932,70361.0
506,3933,97615.0
507,3934,156035.0
508,3935,55817.0
509,3936,54589.0
510,3937,61429.0
511,3938,75735.0
512,3939,77538.0
513,3940,64883.0
514,3941,57921.0
515,3942,63470.0
516,3943,77913.0
517,3944,68550.0
518,3945,113185.0
519,3946,54188.0
520,3947,71315.0
521,3948,62937.0
522,3949,68194.0
523,3950,69671.0
524,3951,63314.0
525,3952,63947.0
526,3953,57001.0
527,3954,63512.0
528,3955,55707.0
529,3956,59311.0
530,3957,74713.0
531,3958,67755.0
532,3959,58527.0
533,3960,52601.0
534,3961,54420.0
535,3962,70425.0
536,3963,59704.0
537,3964,68994.0
538,3965,62960.0
539,3966,59816.0
540,3967,78192.0
541,3968,116282.0
542,3969,55749.0
543,3970,78994.0
544,3971,64298.0
545,3972,76433.0
546,3973,55123.0
547,3974,69512.0
548,3975,58576.0
549,3976,62210.0
550,3977,71376.0
551,3978,72694.0
552,3979,309712.0
553,3980,56036.0
554,3981,75017.0
555,3982,53449.0
556,3983,69097.0
557,3984,76273.0
558,3985,71869.0
559,3986,67728.0
560,3987,72477.0
561,3988,55691.0
562,3989,66978.0
563,3990,70797.0
564,3991,64271.0
565,3992,79771.0
566,3993,60668.0
567,3994,55016.0
568,3995,54642.0
569,3996,65291.0
570,3997,96818.0
571,3998,52998.0
572,3999,98016.0
573,4000,67448.0
574,1001,108900.0
575,1002,68587.0
576,1003,71123.0
577,1004,57000.0
578,1005,59770.0
579,1006,118492.0
580,1007,53974.0
581,1008,78080.0
582,1009,74164.0
583,1010,72685.0
584,1011,62890.0
585,1012,55132.0
586,1013,106846.0
587,1014,63441.0
588,1015,64141.0
589,1016,58132.0
590,1017,63404.0
591,1018,67459.0
592,1019,66501.0
593,1020,72588.0
594,1021,72103.0
595,1022,79825.0
596,1023,66852.0
597,1024,67630.0
598,1025,70347.0
599,1026,94035.0
600,1027,65365.0
601,1028,75248.0
602,1029,58544.0
603,1030,65647.0
604,1031,75013.0
605,1032,56685.0
606,1033,61713.0
607,1034,72864.0
608,1035,55384.0
609,1036,77212.0
610,1037,69640.0
611,1038,64548.0
612,1039,73282.0
613,1040,71412.0
614,1041,103302.0
615,1042,68740.0
616,1043,52581.0
617,1044,52232.0
618,1045,52360.0
619,1046,68116.0
620,1047,67353.0
621,1048,76997.0
622,1049,55532.0
623,1050,53171.0
624,1051,55640.0
625,1052,77921.0
626,1053,68302.0
627,1054,91817.0
628,1055,67488.0
629,1056,66551.0
630,1057,55727.0
631,1058,77843.0
632,1059,91148.0
633,1060,58762.0
634,1061,71435.0
635,1062,95107.0
636,1063,65132.0
637,1064,65426.0
638,1065,91440.0
639,1066,65752.0
640,1067,53569.0
641,1068,55958.0
642,1069,53128.0
643,1070,65076.0
644,1071,57189.0
645,1072,57261.0
646,1073,73339.0
647,1074,79121.0
648,1075,100670.0
649,1076,68841.0
650,1077,76927.0
651,1078,63536.0
652,1079,56516.0
653,1080,75197.0
654,1081,76407.0
655,1082,71473.0
656,1083,68879.0
657,1084,336265.0
658,1085,69748.0
659,1086,72218.0
660,1087,65238.0
661,1088,77145.0
662,1089,62419.0
663,1090,62829.0
664,1091,59009.0
665,1092,60868.0
666,1093,107496.0
667,1094,54105.0
668,1095,107822.0
669,1096,68191.0
670,1097,75178.0
671,1098,65430.0
672,1099,65096.0
673,1100,70901.0
674,1101,103342.0
675,1102,72619.0
676,1103,61846.0
677,1104,62346.0
678,1105,59279.0
679,1106,79463.0
680,1107,76783.0
681,1108,60311.0
682,1109,78673.0
683,1110,74138.0
684,1111,69477.0
685,1112,94505.0
686,1113,78099.0
687,1114,60031.0
688,1115,71285.0
689,1116,65105.0
690,1117,65585.0
691,1118,110775.0
692,1119,68412.0
693,1120,65355.0
694,1121,52537.0
695,1122,78108.0
696,1123,59669.0
697,1124,90973.0
698,1125,78209.0
699,1126,119366.0
700,1127,79068.0
701,1128,76591.0
702,1129,67075.0
703,1130,825109.0
704,1131,64926.0
705,1132,62785.0
706,1133,57581.0
707,1134,63828.0
708,1135,106893.0
709,1136,69699.0
710,1137,72125.0
711,1138,60620.0
712,1139,69160.0
713,1140,112734.0
714,1141,72565.0
715,1142,71109.0
716,1143,58306.0
717,1144,58597.0
718,1145,71994.0
719,1146,68994.0
720,1147,55051.0
721,1148,70970.0
722,1149,75589.0
723,1150,57420.0
724,1151,76582.0
725,1152,90818.0
726,1153,69315.0
727,1154,54752.0
728,1155,59808.0
729,1156,57802.0
730,1157,70840.0
731,1158,71303.0
732,1159,67534.0
733,1160,72051.0
734,1161,70626.0
735,1162,73140.0
736,1163,68725.0
737,1164,68495.0
738,1165,68528.0
739,1166,69085.0
740,1167,64380.0
741,1168,60185.0
742,1169,54803.0
743,1170,59408.0
744,1171,65431.0
745,1172,100311.0
746,1173,56169.0
747,1174,67346.0
748,1175,55008.0
749,1176,119644.0
750,1177,78947.0
751,1178,78810.0
752,1179,73029.0
753,1180,59770.0
754,1181,63116.0
755,1182,68569.0
756,1183,74008.0
757,1184,78774.0
758,1185,77580.0
759,1186,58304.0
760,1187,71350.0
761,1188,69740.0
762,1189,71808.0
763,1190,75937.0
764,1191,76640.0
765,1192,55101.0
766,1193,71469.0
767,1194,71775.0
768,1195,75598.0
769,1196,60714.0
770,1197,55868.0
771,1198,53433.0
772,1199,60843.0
773,1200,74787.0
774,1201,59984.0
775,1202,75754.0
776,1203,96959.0
777,1204,72036.0
778,1205,62893.0
779,1206,98274.0
780,1207,63742.0
781,1208,54329.0
782,1209,58626.0
783,1210,68095.0
784,1211,66783.0
785,1212,115785.0
786,1213,68470.0
787,1214,67200.0
788,1215,78554.0
789,1216,77840.0
790,1217,54520.0
791,1218,75602.0
792,1219,105940.0
793,1220,191698.0
794,1221,60225.0
795,1222,70664.0
796,1223,115346.0
797,1224,63737.0
798,1225,56971.0
799,1226,79715.0
800,1227,70682.0
801,1228,73077.0
802,1229,73293.0
803,1230,68740.0
804,1231,76674.0
805,1232,79896.0
806,1233,67429.0
807,1234,61693.0
808,1235,58613.0
809,1236,71076.0
810,1237,74597.0
811,1238,108870.0
812,1239,52300.0
813,1240,55241.0
814,1241,52814.0
815,1242,54246.0
816,1243,63135.0
817,1244,62946.0
818,1245,117639.0
819,1246,58391.0
820,1247,67565.0
821,1248,74763.0
822,1249,68393.0
823,1250,67070.0
824,1251,58786.0
825,1252,76554.0
826,1253,68655.0
827,1254,54402.0
828,1255,56775.0
829,1256,56098.0
830,1257,103138.0
831,1258,74371.0
832,1259,67504.0
833,1260,79191.0
834,1261,67962.0
835,1262,113650.0
836,1263,72933.0
837,1264,67761.0
838,1265,62092.0
839,1266,71404.0
840,1267,78262.0
841,1268,57329.0
842,1269,58517.0
843,1270,72361.0
844,1271,62412.0
845,1272,63290.0
846,1273,69655.0
847,1274,99330.0
848,1275,54276.0
849,1276,74195.0
850,1277,63999.0
851,1278,62034.0
852,1279,58074.0
853,1280,59035.0
854,1281,55803.0
855,1282,63149.0
856,1283,55446.0
857,1284,66032.0
858,1285,54064.0
859,1286,78674.0
860,1287,52357.0
861,1288,73798.0
862,1289,70332.0
863,1290,60180.0
864,1291,108414.0
865,1292,111946.0
866,1293,69735.0
867,1294,71645.0
868,1295,79873.0
869,1296,76254.0
870,1297,67073.0
871,1298,61801.0
872,1299,69796.0
873,1300,79792.0
874,1301,57637.0
875,1302,67908.0
876,1303,71733.0
877,1304,52520.0
878,1305,71304.0
879,1306,77961.0
880,1307,107204.0
881,1308,67034.0
882,1309,54995.0
883,1310,52340.0
884,1311,98053.0
885,1312,78316.0
886,1313,58813.0
887,1314,57660.0
888,1315,62011.0
889,1316,60875.0
890,1317,79376.0
891,1318,55154.0
892,1319,76729.0
893,1320,74309.0
894,1321,66594.0
895,1322,196222.0
896,1323,78736.0
897,1324,69265.0
898,1325,99524.0
899,1326,70692.0
900,1327,116740.0
901,1328,212659.0
902,1329,53536.0
903,1330,53092.0
904,1331,77788.0
905,1332,54260.0
906,1333,76203.0
907,1334,72042.0
908,1335,59819.0
909,1336,78670.0
910,1337,75091.0
911,1338,55078.0
912,1339,60197.0
913,1340,54252.0
914,1341,107147.0
915,1342,55170.0
916,1343,72865.0
917,1344,52983.0
918,1345,64951.0
919,1346,55841.0
920,1347,53689.0
921,1348,66587.0
922,1349,57615.0
923,1350,73672.0
924,1351,53216.0
925,1352,67726.0
926,1353,53712.0
927,1354,53734.0
928,1355,52756.0
929,1356,118969.0
930,1357,107736.0
931,1358,72483.0
932,1359,70922.0
933,1360,74147.0
934,1361,62428.0
935,1362,73808.0
936,1363,76576.0
937,1364,71843.0
938,1365,62017.0
939,1366,76246.0
940,1367,161576.0
941,1368,59314.0
942,1369,74939.0
943,1370,71273.0
944,1371,54042.0
945,1372,72236.0
946,1373,54082.0
947,1374,57325.0
948,1375,963479.0
949,1376,58154.0
950,1377,74202.0
951,1378,69786.0
952,1379,61473.0
953,1380,55679.0
954,1381,57325.0
955,1382,72873.0
956,1383,74525.0
957,1384,57380.0
958,1385,74140.0
959,1386,76900.0
960,1387,78849.0
961,1388,53263.0
962,1389,73577.0
963,1390,60657.0
964,1391,53817.0
965,1392,66217.0
966,1393,70225.0
967,1394,63199.0
968,1395,64018.0
969,1396,59057.0
970,1397,73760.0
971,1398,59262.0
972,1399,67557.0
973,1400,66951.0
974,1401,55436.0
975,1402,75578.0
976,1403,77955.0
977,1404,78145.0
978,1405,61469.0
979,1406,54917.0
980,1407,67651.0
981,1408,55357.0
982,1409,70284.0
983,1410,52512.0
984,1411,78009.0
985,1412,76606.0
986,1413,55657.0
987,1414,59468.0
988,1415,60749.0
989,1416,54584.0
990,1417,73061.0
991,1418,78422.0
992,1419,77948.0
993,1420,57759.0
994,1421,60226.0
995,1422,1437281.0
996,1423,62733.0
997,1424,55458.0
998,1425,77366.0
999,1426,60077.0
1000,1427,113004.0
1001,1428,198921.0
1002,1429,66291.0
1003,1430,66968.0
1004,1431,59356.0
1005,1432,71531.0
1006,1433,66733.0
1007,1434,65645.0
1008,1435,78755.0
1009,1436,52637.0
1010,1437,66697.0
1011,1438,54673.0
1012,1439,60694.0
1013,1440,56810.0
1014,1441,72360.0
1015,1442,55054.0
1016,1443,69310.0
1017,1444,79809.0
1018,1445,74174.0
1019,1446,75092.0
1020,1447,76418.0
1021,1448,66425.0
1022,1449,76238.0
1023,1450,63082.0
1024,1451,76629.0
1025,1452,62192.0
1026,1453,98706.0
1027,1454,57746.0
1028,1455,61826.0
1029,1456,107652.0
1030,1457,60823.0
1031,1458,69437.0
1032,1459,105032.0
1033,1460,60473.0
1034,1461,70384.0
1035,1462,62911.0
1036,1463,56836.0
1037,1464,78848.0
1038,1465,187812.0
1039,1466,78927.0
1040,1467,55717.0
1041,1468,77241.0
1042,1469,57247.0
1043,1470,61302.0
1044,1471,62605.0
1045,1472,65808.0
1046,1473,60219.0
1047,1474,97527.0
1048,1475,71027.0
1049,1476,78951.0
1050,1477,76472.0
1051,1478,79744.0
1052,1479,77349.0
1053,1480,57890.0
1054,1481,75337.0
1055,1482,77582.0
1056,1483,74832.0
1057,1484,56832.0
1058,1485,78849.0
1059,1486,96607.0
1060,1487,56787.0
1061,1488,95393.0
1062,1489,62631.0
1063,1490,115055.0
1064,1491,76505.0
1065,1492,119760.0
1066,1493,67057.0
1067,1494,62350.0
1068,1495,70875.0
1069,1496,71556.0
1070,1497,94008.0
1071,1498,106977.0
1072,1499,74443.0
1073,1500,58606.0
1074,1501,79816.0
1075,1502,72632.0
1076,1503,68603.0
1077,1504,111052.0
1078,1505,65892.0
1079,1506,93913.0
1080,1507,58948.0
1081,1508,58279.0
1082,1509,63714.0
1083,1510,61868.0
1084,1511,74280.0
1085,1512,79819.0
1086,1513,60734.0
1087,1514,77866.0
1088,1515,79466.0
1089,1516,55052.0
1090,1517,64477.0
1091,1518,61771.0
1092,1519,56448.0
1093,1520,73079.0
1094,1521,65797.0
1095,1522,65130.0
1096,1523,58467.0
1097,1524,105646.0
1098,1525,52968.0
1099,1526,62852.0
1100,1527,117083.0
1101,1528,62676.0
1102,1529,65773.0
1103,1530,68068.0
1104,1531,54019.0
1105,1532,79059.0
1106,1533,61968.0
1107,1534,60445.0
1108,1535,56353.0
1109,1536,68751.0
1110,1537,52117.0
1111,1538,72017.0
1112,1539,79854.0
1113,1540,865536.0
1114,1541,78556.0
1115,1542,70258.0
1116,1543,64436.0
1117,1544,79665.0
1118,1545,53113.0
1119,1546,71675.0
1120,1547,203174.0
1121,1548,101318.0
1122,1549,215553.0
1123,1550,55683.0
1124,1551,115187.0
1125,1552,65049.0
1126,1553,54582.0
1127,1554,397295.0
1128,1555,63141.0
1129,1556,65443.0
1130,1557,60004.0
1131,1558,56989.0
1132,1559,60732.0
1133,1560,62163.0
1134,1561,53592.0
1135,1562,60944.0
1136,1563,75288.0
1137,1564,64993.0
1138,1565,61745.0
1139,1566,57133.0
1140,1567,64478.0
1141,1568,76239.0
1142,1569,110583.0
1143,1570,52304.0
1144,1571,62568.0
1145,1572,57513.0
1146,1573,70513.0
1147,1574,67938.0
1148,1575,61205.0
1149,1576,60746.0
1150,1577,65078.0
1151,1578,55299.0
1152,1579,64464.0
1153,1580,79604.0
1154,1581,71483.0
1155,1582,60564.0
1156,1583,53290.0
1157,1584,67231.0
1158,1585,67226.0
1159,1586,67086.0
1160,1587,60306.0
1161,1588,61074.0
1162,1589,74791.0
1163,1590,58005.0
1164,1591,72703.0
1165,1592,114344.0
1166,1593,69736.0
1167,1594,71932.0
1168,1595,70037.0
1169,1596,70544.0
1170,1597,62801.0
1171,1598,73828.0
1172,1599,67441.0
1173,1600,58824.0
1174,1601,105853.0
1175,1602,66724.0
1176,1603,79084.0
1177,1604,71304.0
1178,1605,69907.0
1179,1606,63180.0
1180,1607,73123.0
1181,1608,74446.0
1182,1609,57636.0
1183,1610,74505.0
1184,1611,54165.0
1185,1612,62783.0
1186,1613,52062.0
1187,1614,79200.0
1188,1615,57180.0
1189,1616,77807.0
1190,1617,71945.0
1191,1618,66157.0
1192,1619,61070.0
1193,1620,239012.0
1194,1621,59019.0
1195,1622,52236.0
1196,1623,69251.0
1197,1624,64753.0
1198,1625,78688.0
1199,1626,67030.0
1200,1627,77651.0
1201,1628,52641.0
1202,1629,76521.0
1203,1630,61997.0
1204,1631,275611.0
1205,1632,73905.0
1206,1633,52443.0
1207,1634,71781.0
1208,1635,78868.0
1209,1636,76775.0
1210,1637,52463.0
1211,1638,79354.0
1212,1639,75947.0
1213,1640,114555.0
1214,1641,74257.0
1215,1642,78758.0
1216,1643,78426.0
1217,1644,65753.0
1218,1645,52565.0
1219,1646,79917.0
1220,1647,75520.0
1221,1648,55270.0
1222,1649,69184.0
1223,1650,92830.0
1224,1651,68287.0
1225,1652,60176.0
1226,1653,54495.0
1227,1654,91986.0
1228,1655,53664.0
1229,1656,68177.0
1230,1657,99507.0
1231,1658,69071.0
1232,1659,74197.0
1233,1660,70997.0
1234,1661,56134.0
1235,1662,107212.0
1236,1663,61316.0
1237,1664,79121.0
1238,1665,68302.0
1239,1666,74637.0
1240,1667,72831.0
1241,1668,78754.0
1242,1669,53728.0
1243,1670,74710.0
1244,1671,73260.0
1245,1672,73706.0
1246,1673,52703.0
1247,1674,53079.0
1248,1675,58036.0
1249,1676,79202.0
1250,1677,58403.0
1251,1678,79100.0
1252,1679,100154.0
1253,1680,55196.0
1254,1681,98366.0
1255,1682,55173.0
1256,1683,55733.0
1257,1684,104420.0
1258,1685,61428.0
1259,1686,54183.0
1260,1687,93726.0
1261,1688,59873.0
1262,1689,73985.0
1263,1690,69499.0
1264,1691,53471.0
1265,1692,104171.0
1266,1693,73195.0
1267,1694,75260.0
1268,1695,78141.0
1269,1696,63146.0
1270,1697,60072.0
1271,1698,70343.0
1272,1699,297315.0
1273,1700,118816.0
1274,1701,64908.0
1275,1702,67028.0
1276,1703,52550.0
1277,1704,55545.0
1278,1705,52124.0
1279,1706,72474.0
1280,1707,72263.0
1281,1708,57648.0
1282,1709,60941.0
1283,1710,52831.0
1284,1711,60252.0
1285,1712,99030.0
1286,1713,63063.0
1287,1714,69879.0
1288,1715,57442.0
1289,1716,70588.0
1290,1717,66823.0
1291,1718,68971.0
1292,1719,63937.0
1293,1720,68900.0
1294,1721,75435.0
1295,1722,79236.0
1296,1723,63031.0
1297,1724,62680.0
1298,1725,52861.0
1299,1726,54424.0
1300,1727,57982.0
1301,1728,78153.0
1302,1729,69486.0
1303,1730,71214.0
1304,1731,107461.0
1305,1732,63588.0
1306,1733,73973.0
1307,1734,63763.0
1308,1735,73472.0
1309,1736,73760.0
1310,1737,76144.0
1311,1738,60882.0
1312,1739,59733.0
1313,1740,74017.0
1314,1741,68267.0
1315,1742,65273.0
1316,1743,62531.0
1317,1744,68795.0
1318,1745,65413.0
1319,1746,79828.0
1320,1747,62363.0
1321,1748,54838.0
1322,1749,65750.0
1323,1750,74845.0
1324,1751,72923.0
1325,1752,66430.0
1326,1753,57653.0
1327,1754,70329.0
1328,1755,76361.0
1329,1756,77020.0
1330,1757,69092.0
1331,1758,74170.0
1332,1759,62647.0
1333,1760,77228.0
1334,1761,61462.0
1335,1762,52755.0
1336,1763,90338.0
1337,1764,110997.0
1338,1765,71820.0
1339,1766,67958.0
1340,1767,62415.0
1341,1768,65129.0
1342,1769,102045.0
1343,1770,77940.0
1344,1771,65730.0
1345,1772,75591.0
1346,1773,58768.0
1347,1774,76684.0
1348,1775,93319.0
1349,1776,76777.0
1350,1777,74050.0
1351,1778,71578.0
1352,1779,56159.0
1353,1780,72707.0
1354,1781,58771.0
1355,1782,70406.0
1356,1783,69546.0
1357,1784,61084.0
1358,1785,247629.0
1359,1786,53448.0
1360,1787,94291.0
1361,1788,75155.0
1362,1789,90527.0
1363,1790,52445.0
1364,1791,54933.0
1365,1792,75447.0
1366,1793,204311.0
1367,1794,73210.0
1368,1795,79757.0
1369,1796,60738.0
1370,1797,67282.0
1371,1798,61500.0
1372,1799,60707.0
1373,1800,72816.0
1374,1801,59837.0
1375,1802,67565.0
1376,1803,69788.0
1377,1804,78322.0
1378,1805,60757.0
1379,1806,63040.0
1380,1807,70199.0
1381,1808,76380.0
1382,1809,71705.0
1383,1810,64839.0
1384,1811,1451066.0
1385,1812,74647.0
1386,1813,59282.0
1387,1814,75943.0
1388,1815,60507.0
1389,1816,72278.0
1390,1817,58522.0
1391,1818,66628.0
1392,1819,66025.0
1393,1820,74409.0
1394,1821,68459.0
1395,1822,68516.0
1396,1823,58771.0
1397,1824,78176.0
1398,1825,73217.0
1399,1826,57620.0
1400,1827,53571.0
1401,1828,72617.0
1402,1829,104315.0
1403,1830,72746.0
1404,1831,77415.0
1405,1832,96473.0
1406,1833,64023.0
1407,1834,59246.0
1408,1835,63477.0
1409,1836,72493.0
1410,1837,57983.0
1411,1838,79065.0
1412,1839,66970.0
1413,1840,61621.0
1414,1841,68679.0
1415,1842,53488.0
1416,1843,90790.0
1417,1844,76036.0
1418,1845,69574.0
1419,1846,70555.0
1420,1847,67975.0
1421,1848,113544.0
1422,1849,73963.0
1423,1850,69121.0
1424,1851,57437.0
1425,1852,74088.0
1426,1853,74494.0
1427,1854,59590.0
1428,1855,60847.0
1429,1856,68767.0
1430,1857,61049.0
1431,1858,59640.0
1432,1859,70888.0
1433,1860,75435.0
1434,1861,65985.0
1435,1862,52851.0
1436,1863,105614.0
1437,1864,74642.0
1438,1865,59863.0
1439,1866,72705.0
1440,1867,94101.0
1441,1868,72334.0
1442,1869,56759.0
1443,1870,118091.0
1444,1871,52711.0
1445,1872,72397.0
1446,1873,110509.0
1447,1874,1489070.0
1448,1875,60634.0
1449,1876,75921.0
1450,1877,69650.0
1451,1878,78144.0
1452,1879,112246.0
1453,1880,73014.0
1454,1881,69548.0
1455,1882,67746.0
1456,1883,56650.0
1457,1884,54872.0
1458,1885,56102.0
1459,1886,219361.0
1460,1887,70336.0
1461,1888,118270.0
1462,1889,52072.0
1463,1890,77721.0
1464,1891,71830.0
1465,1892,76889.0
1466,1893,54473.0
1467,1894,52209.0
1468,1895,58338.0
1469,1896,91493.0
1470,1897,69703.0
1471,1898,60796.0
1472,1899,74668.0
1473,1900,72646.0
1474,1901,107690.0
1475,1902,107946.0
1476,1903,54328.0
1477,1904,68614.0
1478,1905,68403.0
1479,1906,54567.0
1480,1907,59124.0
1481,1908,67125.0
1482,1909,60201.0
1483,1910,79244.0
1484,1911,72975.0
1485,1912,102138.0
1486,1913,63333.0
1487,1914,96859.0
1488,1915,69648.0
1489,1916,76261.0
1490,1917,73876.0
1491,1918,66731.0
1492,1919,77168.0
1493,1920,62083.0
1494,1921,119658.0
1495,1922,72329.0
1496,1923,58277.0
1497,1924,72327.0
1498,1925,61809.0
1499,1926,76814.0
1500,1927,61124.0
1501,1928,74786.0
1502,1929,72341.0
1503,1930,52864.0
1504,1931,68796.0
1505,1932,78606.0
1506,1933,57634.0
1507,1934,64149.0
1508,1935,52364.0
1509,1936,60287.0
1510,1937,109769.0
1511,1938,73752.0
1512,1939,77827.0
1513,1940,107451.0
1514,1941,110330.0
1515,1942,69473.0
1516,1943,73355.0
1517,1944,58911.0
1518,1945,92311.0
1519,1946,69691.0
1520,1947,66554.0
1521,1948,76340.0
1522,1949,74462.0
1523,1950,78294.0
1524,1951,66952.0
1525,1952,74410.0
1526,1953,62062.0
1527,1954,69483.0
1528,1955,54502.0
1529,1956,55060.0
1530,1957,79916.0
1531,1958,70806.0
1532,1959,60080.0
1533,1960,72866.0
1534,1961,55780.0
1535,1962,59354.0
1536,1963,68373.0
1537,1964,185026.0
1538,1965,79185.0
1539,1966,53526.0
1540,1967,63394.0
1541,1968,78125.0
1542,1969,68580.0
1543,1970,59278.0
1544,1971,77621.0
1545,1972,54948.0
1546,1973,66463.0
1547,1974,72513.0
1548,1975,64496.0
1549,1976,60721.0
1550,1977,59238.0
1551,1978,66974.0
1552,1979,114213.0
1553,1980,66925.0
1554,1981,63806.0
1555,1982,64225.0
1556,1983,76845.0
1557,1984,65783.0
1558,1985,71177.0
1559,1986,320049.0
1560,1987,62783.0
1561,1988,53415.0
1562,1989,69834.0
1563,1990,72219.0
1564,1991,76719.0
1565,1992,66472.0
1566,1993,52445.0
1567,1994,64761.0
1568,1995,68600.0
1569,1996,66397.0
1570,1997,78595.0
1571,1998,57614.0
1572,1999,71908.0
1573,2000,76635.0
1574,2001,68328.0
1575,2002,78180.0
1576,2003,58524.0
1577,2004,106585.0
1578,2005,61564.0
1579,2006,261232.0
1580,2007,76213.0
1581,2008,65713.0
1582,2009,55100.0
1583,2010,54876.0
1584,2011,67694.0
1585,2012,77384.0
1586,2013,78026.0
1587,2014,67589.0
1588,2015,108063.0
1589,2016,56235.0
1590,2017,78429.0
1591,2018,76919.0
1592,2019,67985.0
1593,2020,60066.0
1594,2021,68367.0
1595,2022,66232.0
1596,2023,62781.0
1597,2024,52250.0
1598,2025,59732.0
1599,2026,71723.0
1600,2027,62268.0
1601,2028,64012.0
1602,2029,75271.0
1603,2030,72162.0
1604,2031,78842.0
1605,2032,73716.0
1606,2033,59999.0
1607,2034,55132.0
1608,2035,58602.0
1609,2036,61267.0
1610,2037,77121.0
1611,2038,78499.0
1612,2039,69022.0
1613,2040,56288.0
1614,2041,64622.0
1615,2042,58422.0
1616,2043,62815.0
1617,2044,79705.0
1618,2045,60170.0
1619,2046,73151.0
1620,2047,54579.0
1621,2048,76264.0
1622,2049,66047.0
1623,2050,74773.0
1624,2051,69419.0
1625,2052,54862.0
1626,2053,108010.0
1627,2054,67988.0
1628,2055,90305.0
1629,2056,63429.0
1630,2057,65246.0
1631,2058,52921.0
1632,2059,68297.0
1633,2060,61076.0
1634,2061,98067.0
1635,2062,54084.0
1636,2063,74383.0
1637,2064,64350.0
1638,2065,61652.0
1639,2066,79637.0
1640,2067,96946.0
1641,2068,64885.0
1642,2069,71879.0
1643,2070,59652.0
1644,2071,65457.0
1645,2072,64203.0
1646,2073,56437.0
1647,2074,72563.0
1648,2075,54459.0
1649,2076,56607.0
1650,2077,60807.0
1651,2078,75917.0
1652,2079,65428.0
1653,2080,75765.0
1654,2081,108206.0
1655,2082,72305.0
1656,2083,103058.0
1657,2084,79670.0
1658,2085,114819.0
1659,2086,77445.0
1660,2087,68167.0
1661,2088,66585.0
1662,2089,193018.0
1663,2090,58139.0
1664,2091,79803.0
1665,2092,74979.0
1666,2093,66612.0
1667,2094,66980.0
1668,2095,67487.0
1669,2096,68264.0
1670,2097,62712.0
1671,2098,64092.0
1672,2099,68926.0
1673,2100,73301.0
1674,2101,52005.0
1675,2102,67968.0
1676,2103,52052.0
1677,2104,65430.0
1678,2105,76979.0
1679,2106,72681.0
1680,2107,73267.0
1681,2108,60793.0
1682,2109,70812.0
1683,2110,75575.0
1684,2111,71036.0
1685,2112,99296.0
1686,2113,75512.0
1687,2114,99303.0
1688,2115,76842.0
1689,2116,94094.0
1690,2117,69082.0
1691,2118,75385.0
1692,2119,61771.0
1693,2120,52207.0
1694,2121,52246.0
1695,2122,66289.0
1696,2123,60223.0
1697,2124,59575.0
1698,2125,97502.0
1699,2126,482881.0
1700,2127,55429.0
1701,2128,67856.0
1702,2129,57200.0
1703,2130,56936.0
1704,2131,59203.0
1705,2132,75964.0
1706,2133,68751.0
1707,2134,60945.0
1708,2135,108175.0
1709,2136,66900.0
1710,2137,69351.0
1711,2138,57524.0
1712,2139,74987.0
1713,2140,110024.0
1714,2141,75662.0
1715,2142,106400.0
1716,2143,73670.0
1717,2144,58176.0
1718,2145,60569.0
1719,2146,65029.0
1720,2147,60563.0
1721,2148,67363.0
1722,2149,70329.0
1723,2150,64939.0
1724,2151,76200.0
1725,2152,114863.0
1726,2153,53545.0
1727,2154,69169.0
1728,2155,55599.0
1729,2156,268569.0
1730,2157,76349.0
1731,2158,68045.0
1732,2159,58747.0
1733,2160,64742.0
1734,2161,66904.0
1735,2162,61191.0
1736,2163,66796.0
1737,2164,63086.0
1738,2165,71022.0
1739,2166,65588.0
1740,2167,1440752.0
1741,2168,65080.0
1742,2169,76098.0
1743,2170,71967.0
1744,2171,152468.0
1745,2172,63347.0
1746,2173,113833.0
1747,2174,52290.0
1748,2175,57011.0
1749,2176,53472.0
1750,2177,73502.0
1751,2178,63193.0
1752,2179,72862.0
1753,2180,69237.0
1754,2181,59557.0
1755,2182,52454.0
1756,2183,78637.0
1757,2184,71676.0
1758,2185,52727.0
1759,2186,73601.0
1760,2187,99750.0
1761,2188,55285.0
1762,2189,68406.0
1763,2190,77784.0
1764,2191,91142.0
1765,2192,61462.0
1766,2193,77093.0
1767,2194,60610.0
1768,2195,75250.0
1769,2196,56119.0
1770,2197,52883.0
1771,2198,68981.0
1772,2199,73657.0
1773,2200,77548.0
1774,2201,53644.0
1775,2202,54597.0
1776,2203,67180.0
1777,2204,77895.0
1778,2205,67303.0
1779,2206,59791.0
1780,2207,56105.0
1781,2208,65056.0
1782,2209,74440.0
1783,2210,67650.0
1784,2211,59134.0
1785,2212,53264.0
1786,2213,54726.0
1787,2214,78851.0
1788,2215,101595.0
1789,2216,79303.0
1790,2217,71725.0
1791,2218,79620.0
1792,2219,78014.0
1793,2220,57375.0
1794,2221,62141.0
1795,2222,59983.0
1796,2223,296063.0
1797,2224,67703.0
1798,2225,110241.0
1799,2226,55951.0
1800,2227,72602.0
1801,2228,78104.0
1802,2229,60025.0
1803,2230,73310.0
1804,2231,60139.0
1805,2232,63824.0
1806,2233,75370.0
1807,2234,55178.0
1808,2235,69629.0
1809,2236,118540.0
1810,2237,60202.0
1811,2238,74386.0
1812,2239,73640.0
1813,2240,61195.0
1814,2241,927214.0
1815,2242,59242.0
1816,2243,77859.0
1817,2244,57096.0
1818,2245,100639.0
1819,2246,61648.0
1820,2247,67310.0
1821,2248,52393.0
1822,2249,57599.0
1823,2250,75464.0
1824,2251,63307.0
1825,2252,67214.0
1826,2253,78684.0
1827,2254,60216.0
1828,2255,54660.0
1829,2256,59552.0
1830,2257,58699.0
1831,2258,90888.0
1832,2259,73532.0
1833,2260,95500.0
1834,2261,55306.0
1835,2262,119658.0
1836,2263,52407.0
1837,2264,160446.0
1838,2265,62592.0
1839,2266,55303.0
1840,2267,58103.0
1841,2268,67174.0
1842,2269,308516.0
1843,2270,75746.0
1844,2271,67658.0
1845,2272,63875.0
1846,2273,65636.0
1847,2274,55119.0
1848,2275,65914.0
1849,2276,67339.0
1850,2277,68227.0
1851,2278,68959.0
1852,2279,78600.0
1853,2280,70078.0
1854,2281,60032.0
1855,2282,57719.0
1856,2283,60935.0
1857,2284,75336.0
1858,2285,53451.0
1859,2286,57882.0
1860,2287,79558.0
1861,2288,72493.0
1862,2289,72060.0
1863,2290,78432.0
1864,2291,79400.0
1865,2292,71287.0
1866,2293,67706.0
1867,2294,67734.0
1868,2295,57163.0
1869,2296,60435.0
1870,2297,54579.0
1871,2298,58693.0
1872,2299,77763.0
1873,2300,61509.0
1874,2301,60198.0
1875,2302,69349.0
1876,2303,76838.0
1877,2304,55649.0
1878,2305,63463.0
1879,2306,73835.0
1880,2307,77595.0
1881,2308,63698.0
1882,2309,56449.0
1883,2310,79853.0
1884,2311,72005.0
1885,2312,55623.0
1886,2313,64225.0
1887,2314,57739.0
1888,2315,59458.0
1889,2316,62297.0
1890,2317,55313.0
1891,2318,62971.0
1892,2319,55238.0
1893,2320,52012.0
1894,2321,66691.0
1895,2322,76430.0
1896,2323,65748.0
1897,2324,76007.0
1898,2325,54767.0
1899,2326,72390.0
1900,2327,78697.0
1901,2328,62168.0
1902,2329,66674.0
1903,2330,322311.0
1904,2331,65900.0
1905,2332,77806.0
1906,2333,71220.0
1907,2334,111710.0
1908,2335,76532.0
1909,2336,69092.0
1910,2337,106795.0
1911,2338,56957.0
1912,2339,70847.0
1913,2340,77883.0
1914,2341,53510.0
1915,2342,70894.0
1916,2343,64028.0
1917,2344,63530.0
1918,2345,61907.0
1919,2346,52257.0
1920,2347,73231.0
1921,2348,78646.0
1922,2349,58941.0
1923,2350,59261.0
1924,2351,96641.0
1925,2352,78372.0
1926,2353,76761.0
1927,2354,64010.0
1928,2355,55021.0
1929,2356,73350.0
1930,2357,68880.0
1931,2358,345651.0
1932,2359,98901.0
1933,2360,60165.0
1934,2361,62774.0
1935,2362,71908.0
1936,2363,64296.0
1937,2364,62241.0
1938,2365,93756.0
1939,2366,74629.0
1940,2367,76668.0
1941,2368,59984.0
1942,2369,59337.0
1943,2370,68177.0
1944,2371,67970.0
1945,2372,61321.0
1946,2373,68422.0
1947,2374,78824.0
1948,2375,74805.0
1949,2376,73867.0
1950,2377,339997.0
1951,2378,57641.0
1952,2379,68514.0
1953,2380,56813.0
1954,2381,62724.0
1955,2382,60373.0
1956,2383,77872.0
1957,2384,55914.0
1958,2385,63664.0
1959,2386,65808.0
1960,2387,71828.0
1961,2388,62005.0
1962,2389,59115.0
1963,2390,96117.0
1964,2391,54911.0
1965,2392,55863.0
1966,2393,96743.0
1967,2394,57735.0
1968,2395,76437.0
1969,2396,53058.0
1970,2397,52486.0
1971,2398,69879.0
1972,2399,59889.0
1973,2400,57696.0
1974,2401,68227.0
1975,2402,75874.0
1976,2403,79022.0
1977,2404,68096.0
1978,2405,62515.0
1979,2406,111640.0
1980,2407,65228.0
1981,2408,72323.0
1982,2409,110335.0
1983,2410,92393.0
1984,2411,65617.0
1985,2412,115836.0
1986,2413,61512.0
1987,2414,76692.0
1988,2415,67342.0
1989,2416,68133.0
1990,2417,117050.0
1991,2418,74429.0
1992,2419,67102.0
1993,2420,61423.0
1994,2421,98092.0
1995,2422,54034.0
1996,2423,54236.0
1997,2424,107971.0
1998,2425,69162.0
1999,2426,73092.0
2000,2427,67828.0
2001,2428,60327.0
2002,2429,67365.0
2003,2430,69180.0
2004,2431,63581.0
2005,2432,63972.0
2006,2433,110516.0
2007,2434,52500.0
2008,2435,96502.0
2009,2436,66144.0
2010,2437,70958.0
2011,2438,74480.0
2012,2439,105844.0
2013,2440,69289.0
2014,2441,69346.0
2015,2442,307262.0
2016,2443,55794.0
2017,2444,71412.0
2018,2445,56390.0
2019,2446,270559.0
2020,2447,92269.0
2021,2448,53116.0
2022,2449,56304.0
2023,2450,58344.0
2024,2451,57259.0
2025,2452,71196.0
2026,2453,78347.0
2027,2454,61699.0
2028,2455,55498.0
2029,2456,76069.0
2030,2457,68754.0
2031,2458,52953.0
2032,2459,60801.0
2033,2460,66529.0
2034,2461,73619.0
2035,2462,61152.0
2036,2463,66154.0
2037,2464,55954.0
2038,2465,64073.0
2039,2466,67619.0
2040,2467,111237.0
2041,2468,64852.0
2042,2469,67469.0
2043,2470,71700.0
2044,2471,72709.0
2045,2472,76576.0
2046,2473,60606.0
2047,2474,63963.0
2048,2475,54639.0
2049,2476,61279.0
2050,2477,67832.0
2051,2478,66603.0
2052,2479,79138.0
2053,2480,68619.0
2054,2481,59897.0
2055,2482,52419.0
2056,2483,57798.0
2057,2484,76073.0
2058,2485,66490.0
2059,2486,72370.0
2060,2487,52335.0
2061,2488,71597.0
2062,2489,68044.0
2063,2490,62847.0
2064,2491,54063.0
2065,2492,53833.0
2066,2493,71772.0
2067,2494,57770.0
2068,2495,63259.0
2069,2496,59584.0
2070,2497,76381.0
2071,2498,70447.0
2072,2499,69736.0
2073,2500,66277.0
2074,2501,71966.0
2075,2502,76187.0
2076,2503,55071.0
2077,2504,101056.0
2078,2505,77164.0
2079,2506,56119.0
2080,2507,70130.0
2081,2508,61672.0
2082,2509,56886.0
2083,2510,78044.0
2084,2511,104263.0
2085,2512,78755.0
2086,2513,67710.0
2087,2514,111383.0
2088,2515,57426.0
2089,2516,72242.0
2090,2517,74823.0
2091,2518,66602.0
2092,2519,77298.0
2093,2520,58865.0
2094,2521,92659.0
2095,2522,77231.0
2096,2523,77278.0
2097,2524,72079.0
2098,2525,64307.0
2099,2526,94703.0
2100,2527,93483.0
2101,2528,71405.0
2102,2529,68229.0
2103,2530,67374.0
2104,2531,267004.0
2105,2532,65581.0
2106,2533,78558.0
2107,2534,73442.0
2108,2535,68824.0
2109,2536,79370.0
2110,2537,70525.0
2111,2538,64330.0
2112,2539,61989.0
2113,2540,59199.0
2114,2541,96307.0
2115,2542,112221.0
2116,2543,58399.0
2117,2544,75987.0
2118,2545,53052.0
2119,2546,79253.0
2120,2547,61691.0
2121,2548,77846.0
2122,2549,64075.0
2123,2550,69430.0
2124,2551,52018.0
2125,2552,63632.0
2126,2553,74522.0
2127,2554,58868.0
2128,2555,73820.0
2129,2556,71131.0
2130,2557,114161.0
2131,2558,52425.0
2132,2559,77592.0
2133,2560,53227.0
2134,2561,74463.0
2135,2562,52421.0
2136,2563,58412.0
2137,2564,53187.0
2138,2565,63307.0
2139,2566,65804.0
2140,2567,71432.0
2141,2568,57550.0
2142,2569,72098.0
2143,2570,77644.0
2144,2571,77651.0
2145,2572,119535.0
2146,2573,57662.0
2147,2574,59787.0
2148,2575,73170.0
2149,2576,70295.0
2150,2577,53688.0
2151,2578,76491.0
2152,2579,65093.0
2153,2580,79772.0
2154,2581,59738.0
2155,2582,78230.0
2156,2583,94857.0
2157,2584,99056.0
2158,2585,55934.0
2159,2586,75730.0
2160,2587,65611.0
2161,2588,60507.0
2162,2589,72931.0
2163,2590,105785.0
2164,2591,63904.0
2165,2592,55633.0
2166,2593,59624.0
2167,2594,76065.0
2168,2595,79635.0
2169,2596,67113.0
2170,2597,78889.0
2171,2598,76164.0
2172,2599,52854.0
2173,2600,55938.0
2174,2601,75368.0
2175,2602,74470.0
2176,2603,55206.0
2177,2604,68365.0
2178,2605,76495.0
2179,2606,53298.0
2180,2607,59438.0
2181,2608,54972.0
2182,2609,55405.0
2183,2610,60476.0
2184,2611,57066.0
2185,2612,53769.0
2186,2613,73268.0
2187,2614,68455.0
2188,2615,63115.0
2189,2616,101296.0
2190,2617,76149.0
2191,2618,67608.0
2192,2619,54508.0
2193,2620,59111.0
2194,2621,283191.0
2195,2622,312369.0
2196,2623,56382.0
2197,2624,76268.0
2198,2625,79889.0
2199,2626,64139.0
2200,2627,55305.0
2201,2628,53303.0
2202,2629,66811.0
2203,2630,74329.0
2204,2631,69868.0
2205,2632,72352.0
2206,2633,70668.0
2207,2634,56115.0
2208,2635,60723.0
2209,2636,73419.0
2210,2637,74133.0
2211,2638,60862.0
2212,2639,61136.0
2213,2640,73835.0
2214,2641,59613.0
2215,2642,70407.0
2216,2643,72668.0
2217,2644,77217.0
2218,2645,64013.0
2219,2646,75630.0
2220,2647,66415.0
2221,2648,58860.0
2222,2649,72997.0
2223,2650,57357.0
2224,2651,53258.0
2225,2652,61845.0
2226,2653,69543.0
2227,2654,54449.0
2228,2655,55136.0
2229,2656,73697.0
2230,2657,71133.0
2231,2658,103808.0
2232,2659,66303.0
2233,2660,53067.0
2234,2661,100531.0
2235,2662,65381.0
2236,2663,79367.0
2237,2664,66214.0
2238,2665,74807.0
2239,2666,63383.0
2240,2667,58553.0
2241,2668,63078.0
2242,2669,61321.0
2243,2670,109161.0
2244,2671,63369.0
2245,2672,70789.0
2246,2673,56124.0
2247,2674,70939.0
2248,2675,90501.0
2249,2676,112048.0
2250,2677,78655.0
2251,2678,62217.0
2252,2679,61617.0
2253,2680,53760.0
2254,2681,76283.0
2255,2682,52882.0
2256,2683,68801.0
2257,2684,71087.0
2258,2685,60648.0
2259,2686,66935.0
2260,2687,102918.0
2261,2688,114118.0
2262,2689,76424.0
2263,2690,72376.0
2264,2691,66490.0
2265,2692,61453.0
2266,2693,54305.0
2267,2694,104796.0
2268,2695,73327.0
2269,2696,61725.0
2270,2697,65190.0
2271,2698,60834.0
2272,2699,98551.0
2273,2700,53721.0
2274,2701,57147.0
2275,2702,66619.0
2276,2703,67573.0
2277,2704,58096.0
2278,2705,57531.0
2279,2706,62483.0
2280,2707,62547.0
2281,2708,52297.0
2282,2709,66850.0
2283,2710,55724.0
2284,2711,76821.0
2285,2712,77623.0
2286,2713,70475.0
2287,2714,74747.0
2288,2715,61106.0
2289,2716,268455.0
2290,2717,54535.0
2291,2718,76837.0
2292,2719,56781.0
2293,2720,69366.0
2294,2721,54208.0
2295,2722,60372.0
2296,2723,65677.0
2297,2724,69150.0
2298,2725,68711.0
2299,2726,77188.0
2300,2727,71286.0
2301,2728,71967.0
2302,2729,106460.0
2303,2730,66388.0
2304,2731,64852.0
2305,2732,75002.0
2306,2733,54042.0
2307,2734,78274.0
2308,2735,74649.0
2309,2736,52351.0
2310,2737,54141.0
2311,2738,70211.0
2312,2739,64216.0
2313,2740,60551.0
2314,2741,58481.0
2315,2742,68360.0
2316,2743,55171.0
2317,2744,55848.0
2318,2745,295314.0
2319,2746,73648.0
2320,2747,79094.0
2321,2748,64792.0
2322,2749,155407.0
2323,2750,70572.0
2324,2751,61050.0
2325,2752,72936.0
2326,2753,76084.0
2327,2754,101314.0
2328,2755,67942.0
2329,2756,63051.0
2330,2757,72119.0
2331,2758,78936.0
2332,2759,68459.0
2333,2760,79703.0
2334,2761,76676.0
2335,2762,58218.0
2336,2763,60331.0
2337,2764,102777.0
2338,2765,52561.0
2339,2766,95416.0
2340,2767,62624.0
2341,2768,70827.0
2342,2769,65783.0
2343,2770,72772.0
2344,2771,72479.0
2345,2772,63612.0
2346,2773,78963.0
2347,2774,53407.0
2348,2775,53751.0
2349,2776,63315.0
2350,2777,52280.0
2351,2778,69800.0
2352,2779,70298.0
2353,2780,55052.0
2354,2781,58221.0
2355,2782,70506.0
2356,2783,78000.0
2357,2784,73732.0
2358,2785,65159.0
2359,2786,78952.0
2360,2787,315541.0
2361,2788,70533.0
2362,2789,76638.0
2363,2790,53020.0
2364,2791,58254.0
2365,2792,119542.0
2366,2793,69673.0
2367,2794,66288.0
2368,2795,79478.0
2369,2796,100377.0
2370,2797,70024.0
2371,2798,90129.0
2372,2799,114731.0
2373,2800,60766.0
2374,2801,72984.0
2375,2802,76284.0
2376,2803,75203.0
2377,2804,68066.0
2378,2805,74381.0
2379,2806,71163.0
2380,2807,75384.0
2381,2808,69139.0
2382,2809,65340.0
2383,2810,75156.0
2384,2811,64119.0
2385,2812,57777.0
2386,2813,60194.0
2387,2814,60296.0
2388,2815,58391.0
2389,2816,63968.0
2390,2817,69717.0
2391,2818,74145.0
2392,2819,66633.0
2393,2820,59376.0
2394,2821,59870.0
2395,2822,78736.0
2396,2823,70496.0
2397,2824,74869.0
2398,2825,77737.0
2399,2826,62672.0
2400,2827,76944.0
2401,2828,59166.0
2402,2829,93039.0
2403,2830,75524.0
2404,2831,71313.0
2405,2832,68978.0
2406,2833,78976.0
2407,2834,78253.0
2408,2835,112898.0
2409,2836,57670.0
2410,2837,55522.0
2411,2838,76500.0
2412,2839,53223.0
2413,2840,78922.0
2414,2841,78853.0
2415,2842,72741.0
2416,2843,77389.0
2417,2844,97421.0
2418,2845,59978.0
2419,2846,61185.0
2420,2847,59588.0
2421,2848,68995.0
2422,2849,66625.0
2423,2850,52555.0
2424,2851,52661.0
2425,2852,52510.0
2426,2853,75741.0
2427,2854,267005.0
2428,2855,54974.0
2429,2856,66264.0
2430,2857,65663.0
2431,2858,99990.0
2432,2859,62256.0
2433,2860,79787.0
2434,2861,61286.0
2435,2862,109861.0
2436,2863,64118.0
2437,2864,78000.0
2438,2865,58528.0
2439,2866,52191.0
2440,2867,920198.0
2441,2868,313630.0
2442,2869,74413.0
2443,2870,76709.0
2444,2871,60419.0
2445,2872,70392.0
2446,2873,66053.0
2447,2874,70504.0
2448,2875,62817.0
2449,2876,55909.0
2450,2877,60737.0
2451,2878,52175.0
2452,2879,158136.0
2453,2880,71767.0
2454,2881,78082.0
2455,2882,75446.0
2456,2883,68334.0
2457,2884,78990.0
2458,2885,53790.0
2459,2886,56352.0
2460,2887,66980.0
2461,2888,58796.0
2462,2889,70970.0
2463,2890,66259.0
2464,2891,52395.0
2465,2892,71869.0
2466,2893,52211.0
2467,2894,75792.0
2468,2895,68629.0
2469,2896,54963.0
2470,2897,63341.0
2471,2898,64565.0
2472,2899,53952.0
2473,2900,61071.0
2474,2901,57133.0
2475,2902,57873.0
2476,2903,109022.0
2477,2904,61536.0
2478,2905,73483.0
2479,2906,75948.0
2480,2907,76050.0
2481,2908,54208.0
2482,2909,74099.0
2483,2910,54831.0
2484,2911,77947.0
2485,2912,62351.0
2486,2913,58833.0
2487,2914,64156.0
2488,2915,71571.0
2489,2916,70392.0
2490,2917,59051.0
2491,2918,67989.0
2492,2919,79242.0
2493,2920,60026.0
2494,2921,55795.0
2495,2922,70561.0
2496,2923,66213.0
2497,2924,79777.0
2498,2925,66840.0
2499,2926,56981.0
2500,2927,67713.0
2501,2928,57921.0
2502,2929,61774.0
2503,2930,65241.0
2504,2931,60420.0
2505,2932,52359.0
2506,2933,62837.0
2507,2934,66269.0
2508,2935,55816.0
2509,2936,60466.0
2510,2937,64926.0
2511,2938,76819.0
2512,2939,73832.0
2513,2940,67059.0
2514,2941,112443.0
2515,2942,52982.0
2516,2943,58975.0
2517,2944,62831.0
2518,2945,73230.0
2519,2946,59975.0
2520,2947,53857.0
2521,2948,62158.0
2522,2949,63699.0
2523,2950,74986.0
2524,2951,79809.0
2525,2952,79249.0
2526,2953,71230.0
2527,2954,78570.0
2528,2955,63546.0
2529,2956,119277.0
2530,2957,61773.0
2531,2958,71078.0
2532,2959,62711.0
2533,2960,64120.0
2534,2961,52553.0
2535,2962,95267.0
2536,2963,74406.0
2537,2964,59908.0
2538,2965,61211.0
2539,2966,68780.0
2540,2967,56820.0
2541,2968,73049.0
2542,2969,68346.0
2543,2970,64965.0
2544,2971,65093.0
2545,2972,79334.0
2546,2973,70889.0
2547,2974,79815.0
2548,2975,70641.0
2549,2976,66633.0
2550,2977,63837.0
2551,2978,63939.0
2552,2979,73227.0
2553,2980,57377.0
2554,2981,77707.0
2555,2982,60549.0
2556,2983,74488.0
2557,2984,114670.0
2558,2985,59417.0
2559,2986,52938.0
2560,2987,73763.0
2561,2988,73200.0
2562,2989,105755.0
2563,2990,56550.0
2564,2991,79763.0
2565,2992,70794.0
2566,2993,54204.0
2567,2994,91774.0
2568,2995,54033.0
2569,2996,66226.0
2570,2997,60106.0
2571,2998,59029.0
2572,2999,53872.0
2573,3000,69192.0
2574,3001,68195.0
2575,3002,54946.0
2576,3003,59902.0
2577,3004,74080.0
2578,3005,67463.0
2579,3006,70613.0
2580,3007,65888.0
2581,3008,78110.0
2582,3009,55523.0
2583,3010,71794.0
2584,3011,111930.0
2585,3012,53131.0
2586,3013,56677.0
2587,3014,78199.0
2588,3015,71242.0
2589,3016,57585.0
2590,3017,73998.0
2591,3018,57301.0
2592,3019,59096.0
2593,3020,79850.0
2594,3021,70501.0
2595,3022,63160.0
2596,3023,75119.0
2597,3024,77437.0
2598,3025,61703.0
2599,3026,69636.0
2600,3027,75757.0
2601,3028,91623.0
2602,3029,69700.0
2603,3030,71467.0
2604,3031,52959.0
2605,3032,56793.0
2606,3033,119248.0
2607,3034,67031.0
2608,3035,97578.0
2609,3036,1059154.0
2610,3037,72459.0
2611,3038,61835.0
2612,3039,78020.0
2613,3040,58029.0
2614,3041,66429.0
2615,3042,62408.0
2616,3043,62536.0
2617,3044,52688.0
2618,3045,75544.0
2619,3046,77335.0
2620,3047,113379.0
2621,3048,65513.0
2622,3049,60110.0
2623,3050,62531.0
2624,3051,62703.0
2625,3052,72690.0
2626,3053,68886.0
2627,3054,75164.0
2628,3055,65403.0
2629,3056,73299.0
2630,3057,52583.0
2631,3058,53878.0
2632,3059,72956.0
2633,3060,78559.0
2634,3061,72957.0
2635,3062,77849.0
2636,3063,69010.0
2637,3064,71369.0
2638,3065,68607.0
2639,3066,79630.0
2640,3067,69827.0
2641,3068,76204.0
2642,3069,54729.0
2643,3070,76915.0
2644,3071,54818.0
2645,3072,67615.0
2646,3073,74118.0
2647,3074,64213.0
2648,3075,69265.0
2649,3076,69889.0
2650,3077,75085.0
2651,3078,79116.0
2652,3079,57633.0
2653,3080,76059.0
2654,3081,55691.0
2655,3082,75841.0
2656,3083,61147.0
2657,3084,55986.0
2658,3085,56411.0
2659,3086,71146.0
2660,3087,60834.0
2661,3088,71974.0
2662,3089,71050.0
2663,3090,57055.0
2664,3091,57133.0
2665,3092,69017.0
2666,3093,63353.0
2667,3094,93827.0
2668,3095,59427.0
2669,3096,111205.0
2670,3097,69353.0
2671,3098,78800.0
2672,3099,58442.0
2673,3100,54359.0
2674,3101,53414.0
2675,3102,53962.0
2676,3103,68483.0
2677,3104,72785.0
2678,3105,73814.0
2679,3106,58723.0
2680,3107,67068.0
2681,3108,75948.0
2682,3109,76233.0
2683,3110,55840.0
2684,3111,65320.0
2685,3112,73134.0
2686,3113,72388.0
2687,3114,67419.0
2688,3115,60912.0
2689,3116,59269.0
2690,3117,76069.0
2691,3118,61071.0
2692,3119,69290.0
2693,3120,74769.0
2694,3121,78280.0
2695,3122,52635.0
2696,3123,69480.0
2697,3124,112760.0
2698,3125,56559.0
2699,3126,64316.0
2700,3127,58670.0
2701,3128,76721.0
2702,3129,74595.0
2703,3130,53744.0
2704,3131,58182.0
2705,3132,79608.0
2706,3133,57722.0
2707,3134,71641.0
2708,3135,56916.0
2709,3136,77527.0
2710,3137,68929.0
2711,3138,55879.0
2712,3139,66128.0
2713,3140,77256.0
2714,3141,73076.0
2715,3142,55208.0
2716,3143,68352.0
2717,3144,113395.0
2718,3145,68630.0
2719,3146,66135.0
2720,3147,63105.0
2721,3148,66924.0
2722,3149,69465.0
2723,3150,62659.0
2724,3151,53069.0
2725,3152,72086.0
2726,3153,70477.0
2727,3154,90510.0
2728,3155,60548.0
2729,3156,55554.0
2730,3157,57179.0
2731,3158,52125.0
2732,3159,66203.0
2733,3160,67324.0
2734,3161,72232.0
2735,3162,52330.0
2736,3163,52147.0
2737,3164,54292.0
2738,3165,61075.0
2739,3166,77020.0
2740,3167,69797.0
2741,3168,78520.0
2742,3169,53409.0
2743,3170,72279.0
2744,3171,105070.0
2745,3172,61011.0
2746,3173,64983.0
2747,3174,60590.0
2748,3175,62518.0
2749,3176,65289.0
2750,3177,53966.0
2751,3178,57986.0
2752,3179,65165.0
2753,3180,56754.0
2754,3181,72488.0
2755,3182,66392.0
2756,3183,94248.0
2757,3184,52936.0
2758,3185,58522.0
2759,3186,79063.0
2760,3187,56353.0
2761,3188,61680.0
2762,3189,79255.0
2763,3190,75725.0
2764,3191,137348.0
2765,3192,64448.0
2766,3193,73358.0
2767,3194,52089.0
2768,3195,71714.0
2769,3196,115806.0
2770,3197,55003.0
2771,3198,59609.0
2772,3199,92803.0
2773,3200,55984.0
2774,3201,53854.0
2775,3202,115598.0
2776,3203,71274.0
2777,3204,63765.0
2778,3205,73087.0
2779,3206,65428.0
2780,3207,64807.0
2781,3208,61837.0
2782,3209,76406.0
2783,3210,78072.0
2784,3211,77767.0
2785,3212,78471.0
2786,3213,74978.0
2787,3214,60401.0
2788,3215,54745.0
2789,3216,77048.0
2790,3217,57773.0
2791,3218,54334.0
2792,3219,270614.0
2793,3220,54694.0
2794,3221,79310.0
2795,3222,57712.0
2796,3223,70401.0
2797,3224,71011.0
2798,3225,74808.0
2799,3226,66299.0
2800,3227,59510.0
2801,3228,72156.0
2802,3229,118741.0
2803,3230,76527.0
2804,3231,75959.0
2805,3232,60798.0
2806,3233,116873.0
2807,3234,70744.0
2808,3235,95892.0
2809,3236,60575.0
2810,3237,79413.0
2811,3238,56133.0
2812,3239,77302.0
2813,3240,77778.0
2814,3241,62866.0
2815,3242,70472.0
2816,3243,60674.0
2817,3244,76879.0
2818,3245,53815.0
2819,3246,52844.0
2820,3247,78368.0
2821,3248,73951.0
2822,3249,66557.0
2823,3250,52838.0
2824,3251,62721.0
2825,3252,75962.0
2826,3253,74476.0
2827,3254,71809.0
2828,3255,59781.0
2829,3256,67050.0
2830,3257,53947.0
2831,3258,59792.0
2832,3259,63590.0
2833,3260,52926.0
2834,3261,57914.0
2835,3262,65096.0
2836,3263,99243.0
2837,3264,79624.0
2838,3265,59901.0
2839,3266,69166.0
2840,3267,54009.0
2841,3268,60631.0
2842,3269,76147.0
2843,3270,57532.0
2844,3271,117852.0
2845,3272,59943.0
2846,3273,52419.0
2847,3274,56814.0
2848,3275,56690.0
2849,3276,92910.0
2850,3277,75451.0
2851,3278,68236.0
2852,3279,107907.0
2853,3280,74610.0
2854,3281,60515.0
2855,3282,71970.0
2856,3283,73737.0
2857,3284,55203.0
2858,3285,55646.0
2859,3286,70625.0
2860,3287,70221.0
2861,3288,75704.0
2862,3289,78686.0
2863,3290,79843.0
2864,3291,58931.0
2865,3292,67840.0
2866,3293,64511.0
2867,3294,67797.0
2868,3295,75478.0
2869,3296,59089.0
2870,3297,60558.0
2871,3298,65852.0
2872,3299,77081.0
2873,3300,78186.0
2874,3301,61942.0
2875,3302,62527.0
2876,3303,64082.0
2877,3304,66434.0
2878,3305,55248.0
2879,3306,66292.0
2880,3307,243609.0
2881,3308,65507.0
2882,3309,79545.0
2883,3310,150454.0
2884,3311,79155.0
2885,3312,115177.0
2886,3313,74420.0
2887,3314,55317.0
2888,3315,66175.0
2889,3316,61538.0
2890,3317,65164.0
2891,3318,68809.0
2892,3319,75891.0
2893,3320,65454.0
2894,3321,108948.0
2895,3322,52996.0
2896,3323,53844.0
2897,3324,72584.0
2898,3325,69614.0
2899,3326,69132.0
2900,3327,79846.0
2901,3328,117556.0
2902,3329,69878.0
2903,3330,61747.0
2904,3331,74564.0
2905,3332,68209.0
2906,3333,58139.0
2907,3334,57935.0
2908,3335,53559.0
2909,3336,61940.0
2910,3337,91061.0
2911,3338,60440.0
2912,3339,1098110.0
2913,3340,69312.0
2914,3341,56624.0
2915,3342,53489.0
2916,3343,64577.0
2917,3344,54394.0
2918,3345,61632.0
2919,3346,72468.0
2920,3347,57538.0
2921,3348,52397.0
2922,3349,59748.0
2923,3350,66573.0
2924,3351,71970.0
2925,3352,73484.0
2926,3353,75335.0
2927,3354,76353.0
2928,3355,52771.0
2929,3356,60128.0
2930,3357,93485.0
2931,3358,76434.0
2932,3359,75655.0
2933,3360,54428.0
2934,3361,52901.0
2935,3362,69024.0
2936,3363,65413.0
2937,3364,96862.0
2938,3365,58972.0
2939,3366,67196.0
2940,3367,76123.0
2941,3368,65514.0
2942,3369,77547.0
2943,3370,71157.0
2944,3371,61862.0
2945,3372,60763.0
2946,3373,75120.0
2947,3374,61636.0
2948,3375,91742.0
2949,3376,63000.0
2950,3377,71824.0
2951,3378,61428.0
2952,3379,1156663.0
2953,3380,59410.0
2954,3381,53638.0
2955,3382,60490.0
2956,3383,64346.0
2957,3384,74300.0
2958,3385,75860.0
2959,3386,62328.0
2960,3387,67114.0
2961,3388,68424.0
2962,3389,58126.0
2963,3390,68490.0
2964,3391,74107.0
2965,3392,64175.0
2966,3393,55892.0
2967,3394,67174.0
2968,3395,53196.0
2969,3396,54054.0
2970,3397,65713.0
2971,3398,61538.0
2972,3399,56314.0
2973,3400,79689.0
2974,3401,73784.0
2975,3402,53056.0
2976,3403,62843.0
2977,3404,54028.0
2978,3405,78402.0
2979,3406,76959.0
2980,3407,56784.0
2981,3408,59972.0
2982,3409,67284.0
2983,3410,64324.0
2984,3411,60259.0
2985,3412,58503.0
2986,3413,59240.0
2987,3414,73122.0
2988,3415,59815.0
2989,3416,54062.0
2990,3417,74978.0
2991,3418,64223.0
2992,3419,72935.0
2993,3420,70855.0
2994,3421,74163.0
2995,3422,111194.0
2996,3423,94043.0
2997,3424,68172.0
2998,3425,52870.0
2999,3426,64264.0
